Title,URL,Description,Image
"Anthracnose: How To Identify, Prevent, And Treat The Fungal Disease",https://www.gardeningknowhow.com/plant-problems/disease/anthracnose-disease.htm,"Identifying it is the first step toward anthracnose treatment. Treating those nasty spots with fungicide, proper irrigation, and garden cleanup can help.",https://cdn.mos.cms.futurecdn.net/i79Arw54EcP4TJbYruz7BW-230-80.jpg
"Leaf Spot Diseases, Their Causes & How To Fix Them",https://www.gardeningknowhow.com/plant-problems/disease/plant-leaf-spots.htm,Are you worried about leaf spot disease on your plants? Relax. Leaf spots on plants rarely cause any serious damage and are fairly easy to manage.,https://cdn.mos.cms.futurecdn.net/aixabJp3pARFjpGECfoJm9-230-80.jpg
"How To Prevent, Identify & Treat Root Rot In Houseplants",https://www.gardeningknowhow.com/plant-problems/disease/treating-root-rot-gardening-tips-for-housplants.htm,Root rot treatment is easy if you know for sure that it's the culprit. Plants can display similar symptoms with both too much or too little water.,https://cdn.mos.cms.futurecdn.net/UhXeCBcRz8cbHFhDMX7LcP-230-80.jpg
Leaf Browning In Center: Why Leaves Turn Brown In Middle,https://www.gardeningknowhow.com/plant-problems/disease/leaf-browning-in-center.htm,No Description,https://cdn.mos.cms.futurecdn.net/DBEJD9vNnLcUQyqNrygJb4-230-80.jpg
Learn About Plant Rust Disease And Rust Treatment,https://www.gardeningknowhow.com/plant-problems/disease/learn-about-plant-rust-disease-and-rust-treatment.htm,No Description,https://cdn.mos.cms.futurecdn.net/kDjfdScmw7KL829aroUGhh-230-80.jpg
Using Lime Sulfur In Gardens: When And How To Use Lime Sulfur,https://www.gardeningknowhow.com/plant-problems/disease/using-lime-sulfur-in-gardens.htm,No Description,https://cdn.mos.cms.futurecdn.net/pwTFM4GvZkQUJFktqceCE8-230-80.jpg
Gummy Stem Blight Control - Treating Black Rot Fungus In Cucurbits,https://www.gardeningknowhow.com/plant-problems/disease/gummy-stem-blight-control.htm,No Description,https://cdn.mos.cms.futurecdn.net/6Lx6etvHZnNMe7szMTWkFD-230-80.jpg
White Rust Disease - Controlling White Rust Fungus In The Garden,https://www.gardeningknowhow.com/plant-problems/disease/white-rust-disease.htm,No Description,https://cdn.mos.cms.futurecdn.net/zrqg64hPcJRQrZ2Rdcymj4-230-80.jpg
Needle Cast Treatment – Learn About Stigmina And Rhizosphaera Needle Cast In Trees,https://www.gardeningknowhow.com/plant-problems/disease/needle-cast-in-trees.htm,No Description,https://cdn.mos.cms.futurecdn.net/RdofoSgcmVDHon5QTqwHPW-230-80.jpg
Alternaria Leaf Spot: How To Treat Alternaria In The Garden,https://www.gardeningknowhow.com/plant-problems/disease/alternaria-leaf-spot.htm,No Description,https://cdn.mos.cms.futurecdn.net/7syB28pGhHVMdc9PtMNBWR-230-80.jpg
Soft Rot Disease: How To Help Prevent Soft Rot Bacteria,https://www.gardeningknowhow.com/plant-problems/disease/bacterial-soft-rot.htm,No Description,https://cdn.mos.cms.futurecdn.net/8mf6TjNzKgAqeus2ySguBT-230-80.jpg
Phytoplasma Life Cycle – What Is Phytoplasma Disease In Plants,https://www.gardeningknowhow.com/plant-problems/disease/phytoplasma-disease-plants.htm,No Description,https://cdn.mos.cms.futurecdn.net/NfbzQSkR49oYqnAxZ2kUL3-230-80.jpg
INSV Information - Plants Affected By Impatiens Necrotic Spot Virus,https://www.gardeningknowhow.com/plant-problems/disease/impatiens-necrotic-spot-virus.htm,No Description,https://cdn.mos.cms.futurecdn.net/tn8SV6AswWMaAQ9pJYypt6-230-80.jpg
Fusarium Crown Rot Disease: Control Of Fusarium Crown Rot,https://www.gardeningknowhow.com/plant-problems/disease/fusarium-crown-rot-disease.htm,No Description,https://cdn.mos.cms.futurecdn.net/FT9GjtFnZHHPnZeCQjzJkm-230-80.jpg
Coral Spot Fungus Information – What Are Signs Of Coral Spot Fungus,https://www.gardeningknowhow.com/plant-problems/disease/coral-spot-fungus-information.htm,No Description,https://cdn.mos.cms.futurecdn.net/W6Mz9BEV92BX8wLDy27M6e-230-80.jpg
Get The Cure For Powdery Mildew,https://www.gardeningknowhow.com/plant-problems/disease/get-the-cure-for-powdery-mildew.htm,No Description,https://cdn.mos.cms.futurecdn.net/9oTWzsqq9htiKgJEvbEtwK-230-80.jpg
Powdery Mildew: Homemade And Organic Remedies,https://www.gardeningknowhow.com/plant-problems/disease/powdery-mildew-homemade-and-organic-remedies.htm,No Description,https://cdn.mos.cms.futurecdn.net/3R5qa49DSELXxeXdutmPXG-230-80.jpg
